0,"[1, 4, 1, 3, 3, 4, 3, 3, 3, 2, 2, 0, 5, 6, 5, 2, 6, 1, 0, 2, 6, 0, 6, 0, 1, 1, 3, 0, 0, 2, 6, 2, 0, 1, 0, 6, 6, 1, 4, 1, 6, 2, 6, 3, 1, 4, 5, 4, 4, 5, 0, 6, 6, 3, 3, 5, 4, 2, 0, 5, 3, 3, 4, 0, 1, 6, 4, 1, 5, 3, 6, 0, 6, 2, 0, 4, 6, 4, 6, 4, 6, 3, 1, 1, 3, 0, 5, 4, 6, 0, 1, 3, 5, 2, 3, 3, 0, 1, 3, 6, 2, 3, 4, 6, 2, 4, 5, 0, 6, 5, 2, 0, 5, 4, 1, 3, 6, 3, 4, 5, 3, 0, 4, 6, 1, 4, 2, 4, 1, 4, 4, 6, 6, 5, 5, 4, 2, 0, 0, 1, 1, 0, 1, 1]",-76.67
1,"[2, 0, 0, 3, 3, 4, 3, 6, 6, 2, 1, 0, 5, 4, 2, 3, 6, 1, 0, 6, 2, 1, 1, 6, 4, 1, 0, 1, 1, 0, 6, 4, 5, 2, 4, 6, 6, 0, 2, 1, 6, 1, 6, 0, 6, 4, 0, 4, 1, 3, 2, 1, 6, 3, 4, 5, 2, 5, 6, 5, 4, 3, 1, 0, 3, 6, 2, 4, 2, 0, 1, 3, 0, 3, 5, 6, 0, 4, 6, 4, 1, 5, 1, 1, 3, 5, 5, 1, 6, 0, 5, 1, 1, 6, 4, 3, 0, 1, 3, 6, 2, 5, 2, 6, 2, 5, 5, 5, 6, 2, 2, 0, 5, 4, 1, 3, 6, 3, 4, 5, 1, 3, 1, 6, 1, 4, 5, 4, 1, 4, 4, 6, 4, 5, 5, 4, 2, 0, 0, 1, 1, 0, 1, 1]",-42.59
2,"[1, 4, 3, 5, 5, 1, 3, 3, 6, 6, 1, 3, 5, 0, 5, 6, 3, 1, 1, 5, 5, 0, 1, 4, 1, 2, 0, 3, 1, 3, 4, 4, 4, 2, 1, 5, 0, 2, 1, 0, 4, 4, 2, 3, 4, 5, 4, 5, 4, 3, 6, 0, 2, 4, 0, 0, 4, 2, 4, 3, 4, 4, 4, 3, 1, 4, 1, 0, 1, 1, 3, 3, 1, 6, 0, 0, 5, 4, 6, 2, 5, 0, 3, 6, 3, 1, 6, 5, 6, 2, 0, 4, 4, 6, 5, 2, 2, 3, 5, 4, 4, 1, 0, 2, 1, 5, 4, 3, 2, 3, 6, 5, 3, 0, 3, 0, 4, 1, 6, 4, 1, 0, 1, 5, 1, 1, 2, 5, 1, 2, 6, 5, 3, 4, 4, 5, 0, 2, 0, 6, 5, 4, 0, 4]",-28.71
3,"[1, 6, 5, 3, 5, 1, 2, 3, 2, 2, 0, 3, 3, 4, 5, 6, 5, 1, 2, 0, 5, 1, 1, 5, 1, 4, 4, 6, 4, 3, 6, 4, 4, 3, 1, 5, 3, 0, 1, 3, 4, 4, 4, 5, 2, 0, 4, 1, 1, 3, 1, 2, 6, 0, 4, 6, 2, 1, 6, 5, 6, 3, 5, 0, 0, 2, 1, 4, 1, 1, 3, 3, 5, 6, 0, 0, 5, 3, 5, 1, 2, 0, 0, 6, 3, 1, 6, 5, 6, 0, 5, 4, 1, 6, 4, 2, 0, 4, 0, 4, 2, 1, 2, 6, 2, 5, 5, 5, 6, 3, 6, 0, 5, 4, 1, 0, 6, 3, 4, 4, 1, 3, 1, 6, 1, 4, 5, 4, 1, 4, 4, 6, 4, 5, 5, 4, 2, 0, 0, 1, 1, 0, 1, 1]",-22.83
4,"[5, 0, 3, 2, 6, 4, 5, 3, 1, 6, 0, 0, 6, 0, 3, 0, 1, 3, 0, 6, 0, 0, 6, 1, 1, 2, 4, 1, 1, 4, 6, 4, 5, 3, 1, 6, 0, 2, 5, 1, 2, 2, 6, 0, 6, 1, 6, 3, 4, 2, 0, 1, 5, 3, 6, 5, 5, 2, 6, 5, 4, 3, 1, 5, 3, 2, 6, 4, 5, 4, 5, 0, 1, 2, 0, 1, 0, 4, 3, 4, 1, 3, 1, 2, 1, 5, 5, 4, 6, 0, 5, 1, 1, 6, 4, 0, 0, 1, 3, 6, 2, 4, 4, 5, 2, 4, 5, 0, 6, 5, 2, 0, 5, 4, 1, 3, 4, 3, 4, 5, 3, 2, 6, 6, 1, 4, 5, 4, 1, 2, 4, 6, 4, 5, 5, 4, 2, 0, 0, 1, 1, 0, 1, 1]",-15.86
5,"[0, 2, 5, 6, 4, 0, 1, 1, 5, 6, 3, 0, 6, 0, 4, 3, 5, 6, 2, 0, 3, 3, 5, 4, 0, 0, 0, 1, 6, 0, 6, 4, 3, 1, 4, 5, 1, 0, 5, 1, 6, 3, 3, 6, 4, 0, 0, 3, 2, 3, 1, 3, 2, 4, 0, 4, 4, 3, 5, 5, 0, 3, 1, 0, 2, 4, 3, 4, 1, 1, 5, 6, 4, 6, 5, 0, 3, 6, 5, 2, 2, 0, 0, 2, 3, 2, 5, 5, 6, 2, 0, 4, 4, 6, 1, 0, 2, 4, 6, 4, 2, 4, 2, 6, 2, 2, 1, 5, 4, 3, 6, 6, 5, 0, 5, 0, 4, 3, 4, 4, 1, 3, 1, 6, 1, 4, 2, 5, 1, 4, 4, 6, 4, 5, 5, 4, 2, 0, 0, 1, 1, 0, 1, 1]",-6.99
6,"[2, 2, 0, 2, 6, 0, 3, 1, 5, 2, 3, 6, 2, 6, 5, 0, 5, 6, 6, 5, 6, 4, 5, 4, 0, 0, 2, 0, 6, 0, 4, 4, 6, 1, 4, 5, 1, 4, 4, 1, 6, 3, 1, 4, 4, 0, 0, 3, 4, 3, 1, 5, 2, 4, 5, 5, 4, 3, 5, 5, 0, 5, 5, 3, 1, 4, 4, 4, 1, 1, 6, 6, 4, 6, 5, 0, 3, 6, 6, 2, 5, 0, 0, 2, 3, 2, 5, 5, 6, 2, 0, 4, 4, 6, 1, 2, 5, 4, 5, 4, 2, 4, 2, 2, 2, 2, 1, 5, 4, 3, 6, 6, 5, 0, 5, 0, 4, 1, 4, 4, 1, 0, 1, 6, 1, 4, 2, 5, 1, 4, 4, 6, 3, 5, 5, 4, 2, 0, 0, 1, 1, 0, 1, 1]",-10.22
7,"[4, 3, 5, 6, 4, 3, 5, 3, 1, 3, 0, 3, 2, 0, 2, 5, 1, 1, 0, 1, 3, 4, 5, 0, 3, 4, 4, 3, 6, 1, 6, 4, 1, 0, 1, 0, 0, 2, 6, 3, 4, 1, 6, 6, 5, 3, 0, 4, 1, 1, 1, 2, 6, 2, 4, 5, 2, 1, 4, 3, 4, 6, 4, 0, 1, 4, 1, 4, 1, 3, 3, 3, 5, 4, 0, 0, 5, 3, 5, 2, 2, 0, 3, 0, 3, 5, 6, 5, 6, 0, 5, 1, 1, 6, 4, 1, 0, 4, 4, 6, 2, 5, 2, 5, 4, 5, 5, 5, 2, 2, 4, 5, 3, 4, 3, 0, 4, 4, 4, 5, 1, 1, 1, 5, 1, 4, 2, 5, 1, 4, 6, 6, 4, 5, 5, 4, 2, 0, 0, 1, 1, 0, 1, 1]",-9.3
8,"[4, 3, 3, 2, 3, 4, 3, 5, 5, 6, 1, 0, 3, 3, 3, 6, 1, 3, 0, 0, 6, 0, 6, 2, 3, 1, 0, 4, 1, 3, 6, 4, 5, 1, 1, 2, 6, 4, 5, 0, 4, 6, 4, 3, 6, 2, 3, 0, 1, 5, 2, 4, 4, 0, 6, 5, 4, 2, 4, 5, 0, 5, 4, 6, 4, 2, 5, 0, 1, 5, 1, 3, 5, 4, 2, 6, 4, 4, 1, 4, 2, 5, 1, 1, 3, 1, 5, 5, 6, 4, 5, 0, 1, 6, 5, 0, 0, 1, 3, 4, 4, 5, 0, 6, 1, 5, 6, 3, 6, 1, 2, 2, 5, 4, 3, 3, 6, 3, 4, 5, 1, 5, 1, 5, 1, 1, 2, 5, 1, 2, 6, 5, 3, 4, 4, 5, 0, 2, 0, 6, 5, 4, 0, 4]",-4.22
9,"[2, 4, 0, 2, 3, 4, 3, 3, 5, 4, 0, 0, 6, 6, 3, 0, 6, 4, 1, 6, 3, 4, 6, 4, 3, 4, 4, 3, 1, 6, 0, 4, 6, 1, 4, 6, 2, 2, 5, 1, 5, 4, 2, 5, 6, 2, 5, 4, 0, 0, 0, 4, 5, 5, 0, 1, 5, 1, 1, 3, 3, 3, 1, 2, 5, 3, 6, 6, 6, 4, 5, 0, 1, 1, 5, 1, 5, 0, 3, 4, 5, 5, 1, 6, 3, 3, 5, 3, 3, 2, 0, 1, 1, 1, 5, 0, 4, 0, 3, 5, 4, 6, 6, 6, 5, 5, 5, 2, 2, 2, 0, 0, 4, 0, 0, 4, 4, 4, 1, 4, 1, 2, 6, 5, 1, 4, 5, 5, 3, 2, 4, 1, 4, 5, 4, 4, 2, 5, 4, 0, 1, 3, 1, 6]",-1.89
10,"[0, 3, 5, 1, 4, 0, 2, 3, 5, 0, 5, 3, 6, 0, 4, 0, 5, 1, 2, 5, 3, 3, 1, 0, 0, 4, 3, 1, 1, 0, 4, 4, 5, 2, 2, 5, 4, 6, 4, 1, 2, 0, 6, 6, 4, 6, 3, 1, 4, 2, 6, 4, 0, 5, 4, 3, 2, 1, 6, 0, 1, 1, 1, 2, 3, 6, 1, 4, 0, 1, 5, 3, 1, 6, 5, 0, 0, 6, 6, 4, 1, 5, 1, 0, 3, 5, 5, 1, 6, 2, 0, 4, 6, 6, 5, 0, 4, 4, 4, 6, 0, 5, 4, 5, 2, 0, 5, 1, 2, 2, 2, 0, 5, 0, 3, 4, 4, 4, 4, 4, 1, 1, 1, 6, 1, 4, 5, 4, 2, 2, 4, 1, 4, 5, 4, 4, 4, 0, 0, 6, 1, 0, 1, 1]",1.7
11,"[1, 0, 0, 1, 1, 0, 1, 4, 5, 2, 5, 3, 6, 3, 3, 4, 5, 0, 1, 5, 6, 4, 4, 4, 0, 2, 3, 1, 4, 0, 6, 4, 5, 2, 2, 5, 4, 6, 4, 1, 2, 2, 6, 3, 4, 6, 6, 1, 4, 2, 6, 4, 0, 5, 4, 3, 0, 1, 6, 0, 1, 1, 1, 2, 3, 6, 1, 4, 0, 1, 5, 6, 1, 6, 6, 0, 0, 6, 6, 1, 1, 4, 1, 0, 3, 5, 5, 1, 6, 2, 0, 4, 6, 6, 5, 0, 4, 4, 4, 6, 0, 5, 4, 5, 2, 0, 5, 1, 2, 2, 2, 0, 5, 0, 3, 4, 4, 4, 4, 4, 1, 1, 1, 6, 1, 4, 5, 4, 2, 2, 4, 1, 4, 5, 4, 4, 4, 0, 0, 6, 1, 0, 1, 1]",1.9
12,"[1, 3, 5, 5, 6, 1, 1, 4, 1, 0, 0, 4, 6, 3, 4, 0, 2, 3, 6, 5, 3, 4, 3, 5, 1, 4, 0, 6, 4, 4, 5, 4, 5, 2, 5, 6, 4, 2, 4, 1, 6, 6, 0, 3, 3, 2, 6, 0, 4, 5, 1, 4, 5, 5, 4, 4, 5, 1, 6, 5, 0, 1, 4, 6, 4, 4, 5, 0, 1, 3, 5, 6, 5, 4, 0, 0, 4, 6, 6, 1, 5, 5, 1, 2, 1, 0, 2, 1, 6, 0, 5, 0, 4, 6, 5, 0, 0, 4, 3, 4, 4, 5, 0, 2, 1, 0, 1, 1, 6, 1, 2, 2, 5, 4, 1, 0, 4, 1, 4, 5, 1, 0, 1, 6, 1, 1, 2, 4, 1, 2, 6, 6, 4, 4, 4, 5, 0, 2, 0, 6, 5, 4, 0, 4]",3.3
13,"[2, 4, 2, 1, 2, 2, 1, 6, 5, 6, 0, 1, 6, 3, 4, 0, 5, 1, 1, 6, 6, 1, 1, 1, 0, 1, 0, 1, 3, 1, 4, 3, 6, 4, 1, 0, 1, 2, 5, 2, 4, 6, 6, 6, 6, 5, 4, 5, 4, 2, 1, 2, 6, 5, 4, 3, 5, 1, 6, 5, 4, 6, 1, 2, 3, 4, 1, 4, 0, 4, 3, 0, 0, 4, 5, 0, 5, 1, 1, 4, 2, 5, 1, 6, 3, 5, 6, 1, 6, 2, 0, 4, 6, 6, 5, 0, 4, 4, 5, 6, 4, 5, 4, 5, 2, 0, 5, 1, 2, 2, 2, 0, 5, 0, 1, 3, 4, 4, 4, 4, 1, 1, 1, 6, 1, 4, 5, 4, 2, 2, 4, 1, 4, 5, 4, 4, 4, 0, 0, 6, 1, 0, 1, 1]",2.2
14,"[3, 3, 2, 4, 0, 4, 5, 6, 5, 0, 1, 0, 6, 6, 3, 5, 5, 5, 2, 5, 6, 4, 6, 5, 0, 4, 0, 0, 4, 1, 2, 4, 5, 2, 2, 5, 4, 2, 4, 1, 3, 2, 6, 6, 1, 6, 0, 3, 1, 1, 6, 4, 6, 5, 4, 0, 2, 1, 5, 5, 4, 6, 4, 2, 3, 4, 1, 4, 5, 4, 5, 6, 1, 4, 5, 0, 5, 1, 6, 4, 2, 4, 1, 0, 3, 3, 2, 3, 1, 0, 0, 4, 6, 6, 2, 0, 4, 4, 5, 0, 2, 5, 4, 5, 2, 0, 5, 1, 2, 2, 2, 0, 5, 0, 1, 3, 4, 4, 4, 4, 1, 1, 1, 6, 1, 4, 5, 4, 2, 2, 4, 1, 4, 5, 4, 4, 4, 0, 0, 6, 1, 0, 1, 1]",2.3
15,"[3, 0, 2, 1, 0, 4, 3, 3, 6, 2, 0, 6, 5, 0, 5, 4, 0, 3, 1, 6, 6, 4, 4, 4, 0, 1, 4, 3, 6, 4, 6, 4, 6, 3, 0, 6, 4, 0, 6, 1, 4, 2, 1, 3, 5, 6, 3, 3, 4, 1, 6, 2, 6, 5, 4, 0, 5, 5, 3, 5, 1, 3, 1, 6, 3, 6, 1, 0, 5, 5, 5, 3, 1, 6, 3, 0, 0, 2, 6, 1, 1, 4, 1, 0, 3, 1, 5, 1, 6, 4, 5, 1, 6, 6, 4, 1, 4, 4, 4, 6, 0, 5, 4, 5, 2, 5, 5, 5, 2, 2, 2, 5, 5, 4, 3, 4, 4, 4, 4, 4, 1, 2, 1, 6, 1, 4, 5, 0, 2, 4, 4, 6, 4, 5, 4, 4, 2, 0, 0, 6, 1, 0, 1, 1]",1.9
16,"[3, 0, 2, 5, 5, 4, 1, 4, 5, 6, 2, 6, 6, 6, 5, 6, 5, 1, 0, 5, 6, 3, 5, 5, 4, 1, 4, 1, 3, 0, 6, 2, 5, 2, 1, 5, 4, 6, 4, 3, 2, 2, 6, 3, 4, 6, 6, 1, 0, 3, 6, 4, 0, 5, 4, 3, 2, 1, 3, 5, 4, 1, 1, 2, 1, 6, 3, 4, 2, 1, 5, 6, 1, 6, 6, 0, 5, 6, 6, 1, 1, 4, 1, 0, 3, 5, 5, 1, 6, 2, 0, 4, 6, 6, 5, 0, 4, 4, 4, 5, 2, 5, 4, 2, 2, 5, 5, 2, 2, 2, 2, 0, 5, 0, 3, 4, 4, 4, 4, 4, 1, 1, 1, 6, 1, 4, 5, 4, 2, 2, 4, 1, 4, 5, 4, 4, 4, 0, 0, 6, 1, 0, 1, 1]",2.2
17,"[5, 0, 5, 1, 5, 1, 0, 4, 6, 6, 5, 2, 6, 6, 2, 6, 5, 1, 1, 5, 5, 0, 6, 0, 0, 1, 2, 3, 1, 0, 4, 3, 2, 2, 1, 5, 6, 0, 0, 2, 2, 4, 6, 3, 6, 1, 6, 1, 4, 2, 6, 5, 5, 4, 4, 0, 2, 1, 3, 5, 1, 3, 1, 2, 2, 4, 1, 0, 1, 1, 5, 0, 1, 6, 3, 0, 3, 6, 3, 1, 2, 4, 1, 2, 3, 3, 5, 5, 2, 3, 0, 4, 6, 6, 5, 3, 0, 4, 5, 6, 2, 5, 2, 6, 2, 5, 5, 1, 2, 2, 2, 2, 5, 4, 3, 4, 4, 5, 4, 4, 1, 1, 1, 6, 1, 4, 5, 5, 2, 2, 4, 1, 4, 5, 4, 4, 4, 0, 0, 6, 1, 0, 1, 1]",2.8
18,"[2, 0, 5, 6, 2, 3, 1, 3, 6, 6, 0, 2, 6, 6, 2, 6, 5, 1, 1, 5, 5, 4, 5, 0, 0, 1, 2, 1, 1, 0, 4, 3, 2, 2, 1, 5, 3, 0, 4, 2, 2, 4, 6, 3, 6, 6, 6, 1, 4, 2, 6, 4, 5, 4, 4, 0, 2, 1, 3, 5, 1, 3, 1, 2, 2, 4, 1, 0, 1, 1, 5, 0, 1, 6, 3, 0, 3, 6, 5, 1, 2, 4, 1, 2, 3, 3, 5, 5, 6, 2, 0, 4, 1, 6, 5, 3, 0, 4, 5, 6, 2, 5, 2, 5, 2, 5, 5, 1, 2, 2, 2, 2, 5, 0, 3, 4, 4, 5, 4, 4, 1, 1, 1, 6, 1, 4, 5, 5, 2, 2, 4, 1, 4, 5, 4, 4, 4, 0, 0, 6, 1, 0, 1, 1]",3.5
19,"[5, 5, 2, 5, 1, 0, 3, 1, 1, 2, 1, 6, 4, 3, 3, 0, 0, 0, 0, 2, 6, 3, 6, 4, 0, 2, 3, 2, 1, 4, 6, 4, 4, 2, 2, 6, 0, 2, 6, 2, 4, 3, 1, 3, 4, 1, 0, 5, 4, 2, 6, 0, 6, 5, 6, 1, 5, 1, 3, 2, 4, 5, 1, 2, 1, 6, 1, 2, 0, 4, 1, 3, 0, 6, 5, 1, 0, 6, 5, 4, 1, 4, 1, 0, 3, 5, 2, 1, 6, 2, 0, 1, 6, 6, 4, 0, 4, 3, 4, 5, 4, 5, 6, 5, 2, 0, 5, 5, 4, 2, 2, 0, 5, 0, 1, 3, 4, 4, 4, 5, 1, 1, 1, 5, 1, 4, 5, 4, 2, 2, 4, 6, 4, 5, 4, 4, 4, 0, 0, 6, 1, 0, 1, 1]",3.3
20,"[1, 5, 0, 6, 1, 0, 3, 1, 1, 2, 1, 6, 4, 3, 3, 0, 0, 0, 0, 2, 5, 3, 6, 4, 0, 2, 3, 0, 1, 0, 6, 3, 4, 2, 2, 6, 0, 2, 6, 2, 4, 3, 1, 3, 4, 1, 0, 5, 4, 2, 6, 0, 6, 4, 4, 1, 5, 1, 3, 2, 4, 5, 1, 0, 1, 6, 1, 4, 2, 4, 1, 3, 0, 6, 6, 1, 0, 6, 6, 4, 1, 4, 1, 0, 3, 5, 2, 1, 6, 2, 0, 1, 6, 6, 4, 0, 4, 3, 4, 5, 2, 5, 6, 5, 2, 0, 5, 5, 4, 2, 2, 0, 5, 0, 1, 3, 4, 4, 4, 5, 1, 1, 1, 5, 1, 4, 5, 4, 2, 2, 4, 6, 4, 5, 4, 4, 4, 0, 0, 6, 1, 0, 1, 1]",3.2
21,"[1, 3, 5, 2, 2, 4, 1, 3, 1, 2, 0, 6, 6, 6, 3, 5, 6, 2, 1, 5, 5, 4, 1, 5, 3, 4, 4, 1, 3, 0, 6, 4, 2, 2, 1, 5, 1, 0, 4, 2, 3, 4, 6, 3, 4, 1, 6, 1, 1, 2, 1, 4, 5, 5, 4, 0, 2, 2, 3, 5, 4, 3, 1, 6, 3, 6, 3, 0, 1, 1, 5, 6, 5, 4, 3, 6, 3, 6, 5, 1, 1, 4, 3, 0, 3, 5, 4, 5, 6, 2, 5, 4, 6, 6, 4, 3, 0, 4, 5, 6, 4, 5, 4, 5, 2, 5, 5, 1, 2, 2, 2, 0, 5, 0, 3, 4, 4, 5, 4, 4, 1, 1, 1, 6, 1, 4, 5, 4, 2, 2, 4, 1, 4, 5, 4, 4, 4, 0, 0, 6, 1, 0, 1, 1]",3.2
22,"[1, 5, 0, 3, 0, 3, 2, 6, 1, 2, 0, 6, 6, 0, 5, 6, 5, 5, 5, 5, 6, 1, 1, 1, 3, 1, 0, 3, 3, 4, 6, 3, 6, 1, 1, 0, 0, 2, 4, 1, 2, 0, 6, 3, 4, 1, 5, 3, 4, 1, 6, 4, 4, 4, 4, 4, 5, 4, 6, 2, 0, 5, 1, 0, 3, 4, 1, 4, 0, 5, 5, 3, 5, 4, 5, 0, 0, 6, 5, 4, 1, 4, 1, 0, 3, 5, 5, 5, 6, 2, 0, 4, 6, 6, 4, 3, 0, 4, 5, 6, 2, 5, 4, 5, 2, 5, 5, 5, 2, 2, 2, 0, 5, 0, 3, 3, 4, 4, 4, 5, 1, 1, 1, 5, 1, 4, 5, 4, 2, 2, 4, 1, 4, 5, 4, 4, 4, 0, 0, 6, 1, 0, 1, 1]",3.2
23,"[0, 4, 2, 5, 1, 1, 1, 6, 5, 5, 4, 2, 1, 0, 3, 4, 5, 5, 1, 2, 5, 4, 5, 1, 4, 0, 4, 3, 3, 0, 6, 3, 6, 2, 5, 5, 4, 4, 6, 1, 4, 0, 6, 3, 6, 6, 5, 4, 4, 5, 6, 4, 6, 5, 4, 4, 2, 5, 6, 0, 0, 3, 1, 0, 2, 6, 1, 4, 0, 3, 5, 6, 1, 6, 5, 6, 0, 6, 5, 4, 1, 4, 1, 0, 3, 1, 5, 1, 4, 2, 0, 4, 1, 6, 4, 3, 4, 4, 5, 6, 2, 5, 4, 5, 1, 5, 5, 5, 2, 2, 2, 0, 5, 0, 3, 3, 4, 4, 4, 5, 1, 1, 1, 5, 1, 4, 5, 4, 2, 2, 4, 1, 4, 5, 4, 4, 4, 0, 0, 6, 1, 0, 1, 1]",3.7
24,"[4, 3, 0, 1, 1, 4, 1, 3, 6, 2, 0, 3, 5, 0, 2, 6, 5, 0, 0, 6, 5, 4, 6, 5, 3, 0, 4, 2, 1, 4, 6, 3, 5, 2, 1, 5, 0, 6, 4, 2, 4, 3, 6, 3, 4, 1, 5, 3, 4, 2, 6, 4, 6, 5, 4, 1, 2, 1, 3, 2, 0, 3, 1, 2, 3, 6, 1, 0, 0, 4, 5, 6, 0, 6, 3, 0, 0, 6, 5, 1, 2, 4, 4, 0, 1, 3, 5, 5, 6, 2, 0, 1, 6, 6, 4, 3, 0, 4, 5, 6, 4, 5, 4, 5, 2, 0, 5, 1, 2, 2, 2, 0, 5, 0, 3, 3, 4, 5, 4, 5, 1, 1, 1, 5, 1, 4, 5, 4, 2, 2, 4, 1, 4, 5, 4, 4, 4, 0, 0, 6, 1, 0, 1, 1]",5.1
25,"[0, 0, 2, 1, 4, 0, 1, 6, 5, 2, 4, 6, 4, 0, 5, 6, 5, 5, 0, 5, 5, 4, 6, 0, 4, 4, 4, 3, 1, 4, 6, 2, 5, 2, 2, 5, 0, 4, 4, 1, 3, 4, 1, 3, 4, 1, 6, 0, 1, 3, 6, 2, 6, 4, 4, 1, 2, 5, 3, 5, 4, 1, 1, 2, 2, 6, 1, 0, 5, 3, 5, 3, 0, 6, 5, 0, 0, 6, 5, 1, 2, 4, 1, 0, 1, 5, 6, 1, 6, 2, 0, 4, 6, 6, 4, 3, 0, 4, 5, 6, 4, 5, 4, 5, 2, 0, 5, 1, 2, 2, 2, 0, 5, 0, 3, 3, 4, 5, 4, 5, 1, 1, 1, 5, 1, 4, 5, 4, 2, 2, 4, 1, 4, 5, 4, 4, 4, 0, 0, 6, 1, 0, 1, 1]",4.9
26,"[3, 4, 5, 1, 4, 1, 2, 6, 1, 6, 0, 6, 4, 6, 5, 0, 5, 5, 5, 5, 5, 2, 1, 4, 4, 4, 0, 0, 3, 0, 6, 4, 1, 2, 2, 5, 4, 5, 5, 2, 3, 4, 1, 3, 4, 1, 0, 0, 4, 1, 6, 2, 6, 5, 4, 4, 2, 5, 3, 5, 4, 6, 1, 0, 2, 4, 1, 0, 2, 3, 5, 6, 0, 6, 3, 0, 0, 6, 5, 1, 2, 4, 4, 0, 1, 5, 5, 5, 6, 2, 5, 1, 6, 6, 4, 0, 0, 4, 5, 6, 2, 5, 4, 2, 2, 0, 5, 5, 2, 2, 2, 0, 5, 0, 3, 3, 4, 5, 4, 5, 1, 1, 1, 5, 1, 4, 5, 4, 2, 2, 4, 1, 4, 5, 4, 4, 4, 0, 0, 6, 1, 0, 1, 1]",4.7
27,"[5, 4, 5, 6, 5, 3, 1, 5, 5, 2, 4, 6, 4, 0, 5, 6, 1, 5, 0, 5, 5, 2, 1, 1, 3, 4, 0, 2, 1, 3, 6, 4, 5, 2, 2, 5, 1, 5, 4, 2, 2, 3, 4, 3, 1, 6, 6, 0, 4, 3, 6, 4, 6, 4, 6, 4, 2, 1, 3, 5, 4, 5, 1, 6, 3, 4, 1, 0, 0, 4, 5, 6, 1, 4, 5, 0, 0, 6, 5, 4, 1, 4, 3, 0, 3, 5, 2, 1, 6, 2, 0, 1, 6, 6, 5, 0, 2, 4, 4, 6, 2, 5, 4, 5, 2, 0, 5, 1, 2, 2, 2, 0, 5, 0, 3, 3, 4, 5, 4, 5, 1, 1, 1, 5, 1, 4, 5, 4, 2, 2, 4, 1, 4, 5, 4, 4, 4, 0, 0, 6, 1, 0, 1, 1]",5.0
28,"[4, 3, 2, 6, 4, 4, 1, 1, 1, 2, 0, 6, 5, 3, 5, 4, 5, 0, 5, 5, 6, 2, 6, 1, 4, 4, 0, 2, 1, 4, 6, 2, 6, 3, 2, 5, 0, 2, 6, 2, 2, 2, 6, 3, 1, 1, 0, 1, 4, 5, 6, 4, 5, 5, 4, 4, 2, 1, 3, 5, 4, 5, 1, 6, 1, 4, 1, 0, 5, 3, 5, 6, 1, 4, 3, 0, 0, 6, 1, 4, 1, 4, 4, 0, 3, 5, 2, 1, 6, 2, 0, 4, 6, 6, 5, 1, 0, 4, 5, 6, 4, 5, 4, 5, 2, 5, 5, 1, 2, 2, 2, 0, 5, 0, 3, 3, 4, 5, 4, 5, 1, 1, 1, 5, 1, 4, 5, 4, 2, 2, 4, 1, 4, 5, 4, 4, 4, 0, 0, 6, 1, 0, 1, 1]",5.3
29,"[6, 5, 0, 1, 1, 4, 2, 3, 6, 2, 5, 0, 4, 0, 5, 0, 5, 1, 1, 5, 5, 3, 6, 1, 0, 0, 4, 2, 3, 4, 6, 2, 1, 1, 2, 5, 0, 4, 4, 1, 4, 0, 1, 3, 1, 1, 5, 5, 1, 3, 1, 4, 6, 4, 0, 4, 2, 1, 5, 1, 4, 3, 1, 2, 3, 6, 3, 4, 0, 5, 5, 3, 0, 4, 5, 0, 0, 6, 1, 1, 1, 4, 3, 0, 1, 5, 6, 1, 6, 2, 0, 4, 6, 6, 4, 3, 4, 4, 5, 6, 4, 5, 4, 5, 2, 0, 5, 5, 2, 2, 2, 0, 5, 0, 1, 0, 4, 5, 4, 5, 1, 1, 1, 6, 1, 4, 5, 4, 2, 2, 4, 6, 4, 5, 4, 4, 4, 0, 0, 6, 1, 0, 1, 1]",5.2
30,"[2, 4, 6, 1, 1, 0, 1, 1, 6, 5, 0, 3, 6, 0, 3, 5, 1, 5, 1, 5, 5, 1, 6, 1, 4, 1, 3, 4, 1, 0, 4, 2, 6, 2, 1, 5, 6, 5, 4, 1, 2, 4, 1, 3, 4, 2, 5, 5, 4, 1, 1, 4, 6, 4, 4, 1, 2, 2, 6, 5, 4, 6, 1, 6, 2, 4, 1, 0, 5, 1, 5, 6, 0, 4, 5, 0, 0, 6, 5, 1, 1, 4, 4, 0, 3, 5, 4, 5, 6, 2, 0, 4, 6, 6, 5, 0, 4, 4, 4, 6, 2, 5, 4, 5, 2, 0, 1, 1, 2, 2, 2, 0, 5, 0, 3, 3, 4, 5, 4, 5, 1, 1, 1, 5, 1, 4, 5, 4, 2, 2, 4, 1, 4, 5, 4, 4, 4, 0, 0, 6, 1, 0, 1, 1]",4.9
31,"[2, 5, 2, 1, 0, 0, 5, 3, 1, 5, 0, 6, 4, 6, 5, 0, 5, 0, 3, 6, 5, 1, 1, 4, 5, 1, 4, 4, 1, 0, 6, 4, 5, 1, 1, 5, 0, 6, 6, 1, 4, 4, 6, 3, 4, 1, 5, 3, 1, 1, 6, 0, 0, 4, 4, 4, 5, 1, 5, 5, 4, 3, 1, 0, 3, 4, 1, 0, 0, 3, 5, 3, 0, 4, 0, 6, 0, 6, 5, 2, 2, 0, 1, 2, 3, 5, 5, 1, 2, 2, 0, 1, 6, 6, 4, 0, 0, 3, 4, 5, 0, 5, 4, 5, 2, 0, 5, 5, 2, 2, 2, 0, 5, 0, 1, 3, 4, 5, 4, 5, 1, 1, 1, 5, 1, 4, 5, 4, 2, 2, 4, 6, 4, 5, 4, 4, 4, 0, 0, 6, 1, 0, 1, 1]",5.0
32,"[4, 0, 0, 1, 6, 3, 5, 6, 5, 3, 0, 3, 6, 3, 5, 5, 3, 5, 0, 5, 5, 1, 6, 4, 4, 4, 4, 3, 3, 0, 4, 4, 5, 2, 2, 5, 0, 6, 6, 2, 2, 2, 1, 6, 4, 1, 0, 1, 1, 1, 1, 4, 6, 5, 4, 3, 2, 1, 3, 1, 4, 4, 1, 0, 1, 4, 3, 4, 0, 4, 5, 6, 0, 4, 0, 6, 0, 6, 1, 1, 2, 4, 4, 0, 3, 5, 5, 5, 6, 2, 0, 4, 6, 6, 4, 0, 4, 4, 3, 6, 4, 5, 4, 5, 2, 0, 5, 5, 2, 2, 2, 0, 5, 0, 3, 3, 4, 5, 4, 5, 1, 1, 1, 5, 1, 4, 5, 4, 2, 2, 4, 6, 4, 5, 4, 4, 4, 0, 0, 6, 1, 0, 1, 1]",4.9
33,"[2, 5, 5, 1, 1, 0, 2, 6, 1, 2, 0, 0, 5, 0, 3, 6, 5, 1, 3, 6, 5, 1, 1, 1, 4, 2, 0, 4, 1, 4, 6, 2, 5, 4, 1, 5, 1, 4, 4, 1, 4, 2, 6, 3, 4, 1, 6, 5, 4, 1, 1, 0, 0, 4, 4, 4, 2, 5, 6, 5, 4, 5, 1, 6, 1, 4, 3, 0, 0, 4, 5, 3, 5, 6, 5, 6, 0, 6, 6, 1, 1, 0, 3, 0, 3, 0, 5, 5, 6, 2, 0, 1, 6, 6, 4, 3, 0, 4, 4, 6, 0, 5, 4, 5, 2, 0, 5, 5, 2, 2, 2, 0, 5, 0, 3, 3, 4, 5, 4, 5, 1, 1, 1, 5, 1, 4, 5, 4, 2, 2, 4, 1, 4, 5, 4, 4, 4, 0, 0, 6, 1, 0, 1, 1]",5.3
34,"[0, 4, 5, 0, 2, 0, 1, 1, 1, 5, 5, 3, 6, 0, 5, 6, 1, 5, 0, 5, 6, 4, 5, 4, 4, 1, 3, 0, 3, 4, 6, 4, 6, 3, 2, 5, 0, 2, 6, 2, 4, 4, 1, 3, 4, 1, 5, 4, 4, 5, 4, 4, 0, 5, 4, 1, 5, 5, 3, 1, 4, 6, 1, 2, 2, 4, 1, 0, 5, 4, 5, 3, 0, 6, 0, 1, 0, 6, 5, 4, 2, 4, 4, 0, 3, 5, 4, 5, 6, 2, 0, 4, 6, 6, 4, 3, 0, 4, 5, 6, 2, 5, 2, 2, 1, 0, 1, 1, 2, 2, 2, 0, 5, 0, 3, 3, 4, 5, 4, 5, 1, 1, 1, 5, 1, 4, 5, 4, 2, 2, 4, 1, 4, 5, 4, 4, 4, 0, 0, 6, 1, 0, 1, 1]",5.0
35,"[6, 3, 6, 6, 1, 0, 5, 6, 5, 6, 0, 3, 6, 0, 5, 6, 5, 5, 0, 5, 5, 1, 6, 4, 0, 1, 0, 4, 1, 4, 6, 3, 5, 2, 1, 5, 6, 6, 4, 1, 2, 2, 6, 3, 4, 1, 6, 1, 1, 1, 6, 0, 6, 4, 4, 3, 2, 5, 5, 5, 4, 3, 1, 6, 3, 4, 1, 0, 0, 4, 1, 6, 0, 4, 5, 0, 0, 6, 5, 2, 2, 4, 1, 0, 3, 1, 2, 5, 6, 2, 0, 4, 6, 6, 5, 3, 2, 4, 5, 6, 4, 5, 4, 5, 2, 5, 5, 5, 4, 2, 2, 0, 5, 0, 3, 3, 4, 5, 4, 5, 1, 1, 1, 6, 1, 4, 5, 4, 2, 2, 4, 1, 4, 5, 4, 4, 4, 0, 0, 6, 1, 0, 1, 1]",5.4
36,"[3, 4, 2, 6, 1, 4, 1, 5, 1, 5, 0, 0, 6, 6, 5, 0, 1, 5, 0, 5, 5, 2, 6, 0, 5, 4, 4, 2, 3, 4, 4, 4, 2, 2, 2, 5, 1, 5, 6, 1, 3, 2, 6, 3, 4, 1, 0, 4, 1, 1, 6, 4, 6, 4, 4, 4, 2, 1, 3, 5, 4, 6, 1, 6, 3, 4, 1, 4, 0, 4, 5, 0, 0, 4, 5, 0, 0, 6, 1, 1, 2, 4, 4, 0, 3, 5, 5, 1, 6, 2, 0, 1, 6, 6, 5, 3, 4, 4, 4, 6, 4, 5, 4, 5, 2, 0, 5, 1, 2, 2, 2, 0, 5, 0, 3, 3, 4, 5, 4, 5, 1, 1, 1, 5, 1, 4, 5, 4, 2, 2, 4, 6, 4, 5, 4, 4, 4, 0, 0, 6, 1, 0, 1, 1]",5.3
37,"[6, 3, 2, 1, 4, 0, 5, 6, 5, 6, 0, 3, 6, 0, 5, 6, 1, 5, 0, 5, 6, 4, 6, 4, 4, 1, 0, 2, 1, 4, 6, 4, 6, 2, 1, 5, 0, 2, 6, 1, 4, 4, 1, 3, 4, 1, 5, 1, 1, 5, 4, 0, 0, 4, 4, 1, 5, 5, 3, 1, 4, 3, 1, 6, 2, 4, 1, 0, 0, 4, 1, 6, 1, 4, 0, 1, 0, 6, 5, 2, 2, 4, 4, 0, 3, 1, 2, 1, 6, 2, 0, 1, 6, 6, 4, 0, 0, 4, 5, 6, 2, 5, 2, 2, 1, 0, 1, 1, 2, 2, 2, 0, 5, 0, 3, 3, 4, 5, 4, 5, 1, 1, 1, 5, 1, 4, 5, 4, 2, 2, 4, 1, 4, 5, 4, 4, 4, 0, 0, 6, 1, 0, 1, 1]",5.2
38,"[1, 0, 0, 6, 1, 4, 1, 6, 1, 2, 0, 3, 6, 6, 5, 5, 1, 5, 0, 5, 5, 4, 6, 0, 4, 2, 0, 3, 3, 4, 6, 2, 5, 3, 2, 6, 4, 6, 6, 2, 2, 4, 6, 3, 1, 2, 0, 3, 1, 2, 6, 0, 6, 5, 4, 3, 2, 1, 3, 5, 4, 4, 1, 0, 3, 4, 1, 0, 0, 4, 5, 6, 0, 6, 2, 1, 0, 6, 5, 2, 1, 4, 3, 0, 3, 1, 5, 1, 2, 2, 0, 4, 6, 6, 4, 0, 4, 4, 4, 6, 4, 5, 4, 5, 1, 0, 5, 1, 4, 2, 2, 0, 5, 0, 3, 3, 4, 5, 4, 5, 1, 1, 1, 5, 1, 4, 5, 4, 2, 2, 4, 1, 4, 5, 4, 4, 4, 0, 0, 6, 1, 0, 1, 1]",4.9
39,"[5, 5, 5, 1, 4, 4, 1, 6, 5, 2, 5, 6, 6, 3, 5, 6, 1, 5, 0, 6, 5, 2, 5, 4, 4, 1, 4, 0, 1, 0, 6, 2, 5, 2, 1, 5, 0, 6, 4, 0, 2, 3, 1, 3, 1, 1, 0, 3, 4, 1, 1, 4, 6, 5, 4, 3, 2, 5, 6, 3, 4, 3, 1, 2, 3, 4, 1, 0, 0, 5, 5, 6, 1, 4, 0, 0, 0, 6, 1, 2, 2, 0, 4, 0, 3, 0, 2, 1, 6, 2, 5, 4, 6, 6, 4, 3, 2, 4, 4, 6, 0, 5, 4, 5, 2, 5, 5, 5, 2, 2, 2, 0, 5, 0, 3, 3, 4, 5, 4, 5, 1, 1, 1, 5, 1, 4, 5, 4, 2, 2, 4, 6, 4, 5, 4, 4, 4, 0, 0, 6, 1, 0, 1, 1]",5.0
40,"[0, 3, 5, 1, 1, 3, 5, 1, 1, 5, 5, 1, 6, 0, 2, 4, 5, 3, 3, 6, 6, 2, 6, 0, 0, 6, 4, 2, 3, 6, 6, 2, 6, 1, 1, 5, 0, 4, 4, 2, 2, 3, 1, 3, 1, 1, 5, 1, 4, 1, 6, 4, 6, 4, 4, 4, 2, 5, 3, 5, 4, 3, 1, 6, 3, 4, 3, 0, 5, 4, 1, 6, 5, 4, 2, 0, 0, 6, 5, 4, 2, 0, 1, 0, 3, 1, 5, 1, 6, 2, 0, 4, 6, 6, 4, 3, 0, 4, 4, 6, 2, 5, 4, 2, 2, 0, 5, 1, 2, 2, 2, 0, 5, 0, 3, 3, 4, 5, 4, 5, 1, 1, 1, 5, 1, 4, 5, 4, 2, 2, 4, 1, 4, 5, 4, 4, 4, 0, 0, 6, 1, 0, 1, 1]",5.1
41,"[4, 3, 2, 1, 4, 4, 2, 1, 1, 2, 0, 0, 6, 6, 5, 5, 5, 5, 3, 2, 5, 4, 6, 4, 0, 2, 3, 4, 3, 4, 6, 3, 1, 3, 2, 5, 0, 6, 5, 1, 2, 3, 6, 3, 4, 1, 3, 1, 1, 1, 6, 0, 6, 4, 4, 0, 5, 1, 3, 5, 4, 1, 1, 0, 3, 4, 1, 0, 5, 5, 5, 3, 0, 4, 3, 6, 0, 6, 5, 1, 1, 4, 3, 0, 3, 0, 5, 1, 6, 2, 0, 1, 6, 6, 4, 0, 4, 4, 4, 6, 4, 5, 4, 2, 2, 0, 5, 5, 4, 2, 2, 0, 5, 0, 3, 3, 4, 5, 4, 5, 1, 1, 1, 5, 1, 4, 5, 4, 2, 2, 4, 1, 4, 5, 4, 4, 4, 0, 0, 6, 1, 0, 1, 1]",5.4
42,"[6, 5, 2, 0, 4, 0, 5, 3, 1, 5, 5, 0, 6, 6, 5, 6, 1, 0, 0, 5, 5, 4, 1, 5, 0, 1, 3, 4, 3, 4, 6, 2, 6, 3, 2, 5, 0, 4, 6, 1, 2, 3, 6, 3, 1, 5, 5, 3, 1, 1, 6, 0, 0, 5, 4, 4, 5, 1, 3, 5, 4, 3, 1, 0, 3, 4, 1, 0, 0, 4, 5, 6, 0, 6, 5, 6, 5, 3, 1, 4, 2, 0, 4, 0, 3, 1, 2, 1, 2, 2, 5, 4, 6, 6, 5, 0, 4, 4, 4, 6, 0, 5, 4, 5, 2, 5, 5, 5, 2, 2, 2, 0, 5, 0, 1, 3, 4, 5, 4, 5, 1, 1, 1, 5, 1, 4, 5, 4, 2, 2, 4, 1, 4, 5, 4, 4, 4, 0, 0, 6, 1, 0, 1, 1]",5.0
43,"[2, 0, 5, 1, 1, 0, 2, 1, 1, 2, 0, 0, 5, 3, 5, 6, 5, 5, 0, 6, 6, 1, 6, 1, 0, 1, 0, 2, 3, 0, 4, 2, 2, 3, 0, 5, 4, 5, 6, 1, 4, 0, 6, 3, 4, 1, 6, 4, 4, 1, 1, 0, 0, 5, 4, 0, 2, 5, 6, 5, 4, 6, 1, 0, 2, 4, 1, 2, 0, 4, 5, 6, 0, 4, 0, 6, 0, 6, 5, 4, 2, 0, 4, 0, 3, 3, 5, 1, 6, 2, 0, 4, 6, 6, 4, 3, 0, 4, 5, 6, 4, 5, 4, 2, 2, 5, 5, 1, 2, 2, 2, 0, 5, 0, 1, 3, 4, 5, 4, 5, 1, 1, 1, 5, 1, 4, 5, 4, 2, 2, 4, 6, 4, 5, 4, 4, 4, 0, 0, 6, 1, 0, 1, 1]",4.9
44,"[6, 4, 5, 1, 4, 0, 2, 1, 5, 5, 0, 6, 6, 0, 5, 5, 5, 5, 0, 5, 5, 4, 1, 1, 0, 2, 0, 2, 3, 0, 6, 2, 1, 1, 1, 5, 0, 6, 5, 1, 4, 0, 6, 3, 1, 1, 5, 1, 4, 3, 4, 0, 0, 4, 4, 4, 2, 2, 5, 5, 4, 5, 1, 6, 3, 4, 1, 0, 0, 4, 5, 6, 1, 4, 3, 6, 0, 3, 1, 4, 2, 0, 3, 0, 3, 5, 5, 1, 6, 2, 0, 1, 6, 6, 4, 3, 2, 4, 4, 6, 4, 5, 4, 5, 2, 0, 1, 5, 2, 2, 2, 0, 5, 0, 3, 3, 4, 5, 4, 5, 1, 1, 1, 5, 1, 4, 5, 4, 2, 2, 4, 6, 4, 5, 4, 4, 4, 0, 0, 6, 1, 0, 1, 1]",5.0
45,"[3, 3, 5, 1, 1, 3, 1, 6, 1, 5, 0, 0, 6, 3, 5, 4, 5, 5, 5, 5, 5, 2, 6, 4, 0, 1, 0, 1, 3, 0, 6, 4, 5, 3, 1, 5, 0, 5, 6, 0, 2, 0, 6, 3, 4, 1, 0, 0, 4, 1, 6, 0, 6, 4, 4, 4, 5, 5, 6, 5, 4, 5, 1, 6, 3, 4, 3, 0, 0, 5, 5, 6, 0, 4, 0, 0, 0, 6, 1, 4, 1, 4, 1, 0, 3, 5, 5, 5, 6, 2, 0, 1, 6, 6, 4, 3, 0, 3, 4, 6, 2, 5, 4, 5, 2, 0, 5, 1, 2, 2, 2, 0, 5, 0, 3, 3, 4, 5, 4, 5, 1, 1, 1, 5, 1, 4, 5, 4, 2, 2, 4, 1, 4, 5, 4, 4, 4, 0, 0, 6, 1, 0, 1, 1]",5.0
46,"[2, 3, 5, 1, 6, 0, 2, 1, 1, 2, 5, 3, 5, 0, 5, 4, 5, 1, 5, 5, 5, 2, 6, 4, 4, 6, 4, 4, 3, 4, 6, 4, 5, 1, 2, 5, 0, 2, 6, 2, 4, 3, 6, 3, 4, 1, 5, 4, 4, 1, 4, 0, 6, 5, 4, 1, 5, 2, 3, 5, 4, 4, 1, 6, 3, 4, 1, 0, 0, 3, 5, 6, 0, 4, 5, 0, 0, 3, 5, 4, 1, 4, 4, 0, 3, 5, 6, 1, 6, 2, 5, 1, 6, 6, 5, 0, 0, 3, 5, 6, 2, 5, 4, 5, 2, 0, 5, 1, 4, 2, 2, 0, 5, 0, 3, 3, 4, 5, 4, 5, 1, 1, 1, 5, 1, 4, 5, 4, 2, 2, 4, 6, 4, 5, 4, 4, 4, 0, 0, 6, 1, 0, 1, 1]",4.7
47,"[6, 3, 5, 1, 6, 3, 2, 1, 1, 2, 4, 6, 6, 3, 5, 5, 5, 5, 5, 5, 5, 3, 1, 4, 4, 1, 0, 4, 3, 4, 6, 2, 5, 1, 0, 5, 0, 4, 6, 1, 2, 4, 1, 6, 1, 1, 5, 4, 1, 1, 4, 4, 0, 4, 6, 3, 2, 1, 3, 5, 4, 3, 1, 0, 3, 4, 1, 0, 5, 3, 5, 6, 0, 4, 5, 0, 0, 6, 5, 1, 2, 0, 4, 2, 3, 5, 6, 5, 6, 2, 0, 4, 6, 6, 4, 0, 4, 4, 4, 6, 4, 5, 4, 5, 2, 5, 5, 1, 2, 2, 2, 0, 5, 0, 3, 3, 4, 5, 4, 5, 1, 1, 1, 5, 1, 4, 5, 4, 2, 2, 4, 6, 4, 5, 4, 4, 4, 0, 0, 6, 1, 0, 1, 1]",4.8
48,"[1, 3, 5, 6, 4, 3, 2, 1, 6, 5, 5, 6, 6, 0, 5, 0, 1, 3, 0, 5, 5, 4, 1, 4, 5, 1, 3, 4, 3, 4, 6, 2, 5, 1, 1, 5, 0, 6, 6, 2, 4, 0, 6, 3, 4, 1, 0, 0, 1, 1, 6, 0, 0, 5, 4, 1, 2, 5, 3, 5, 1, 6, 1, 6, 3, 4, 3, 0, 5, 4, 1, 6, 1, 4, 5, 0, 0, 6, 5, 4, 2, 4, 4, 0, 3, 5, 5, 5, 6, 2, 0, 4, 6, 6, 5, 0, 0, 4, 5, 5, 4, 5, 4, 2, 2, 5, 5, 1, 2, 2, 2, 0, 5, 0, 3, 3, 4, 5, 4, 5, 1, 1, 1, 5, 1, 4, 5, 4, 2, 2, 4, 1, 4, 5, 4, 4, 4, 0, 0, 6, 1, 0, 1, 1]",5.1
49,"[3, 3, 2, 1, 1, 4, 1, 6, 6, 3, 0, 6, 0, 0, 5, 0, 5, 0, 1, 5, 5, 4, 1, 1, 0, 1, 3, 4, 3, 6, 6, 2, 1, 1, 0, 5, 0, 6, 6, 1, 4, 4, 6, 3, 1, 1, 5, 5, 4, 1, 4, 4, 6, 4, 4, 1, 2, 2, 3, 1, 4, 5, 1, 0, 2, 6, 1, 0, 0, 4, 5, 0, 0, 6, 0, 0, 0, 6, 1, 4, 1, 4, 1, 0, 3, 0, 5, 1, 6, 2, 5, 1, 6, 6, 4, 0, 2, 4, 4, 6, 4, 5, 4, 2, 2, 0, 1, 5, 2, 2, 2, 0, 5, 0, 3, 0, 4, 5, 4, 5, 1, 1, 1, 5, 1, 4, 5, 4, 2, 2, 4, 1, 4, 5, 4, 4, 4, 0, 0, 6, 1, 0, 1, 1]",5.1
50,"[0, 3, 5, 1, 4, 0, 2, 1, 6, 5, 0, 6, 6, 0, 5, 4, 5, 5, 3, 5, 5, 3, 6, 4, 4, 1, 2, 3, 3, 4, 6, 2, 5, 1, 1, 5, 0, 2, 4, 2, 4, 4, 6, 3, 1, 6, 0, 3, 4, 1, 6, 0, 6, 4, 4, 1, 2, 1, 3, 1, 4, 5, 1, 0, 3, 4, 1, 4, 0, 4, 5, 6, 0, 6, 0, 0, 0, 6, 1, 4, 2, 4, 1, 0, 3, 0, 5, 5, 6, 2, 0, 4, 6, 6, 4, 0, 2, 4, 5, 5, 4, 5, 4, 2, 2, 5, 1, 1, 2, 2, 2, 0, 5, 0, 3, 3, 4, 5, 4, 5, 1, 1, 1, 5, 1, 4, 5, 4, 2, 2, 4, 1, 4, 5, 4, 4, 4, 0, 0, 6, 1, 0, 1, 1]",5.3
51,"[5, 3, 5, 0, 4, 4, 2, 5, 1, 6, 4, 3, 5, 0, 5, 6, 5, 5, 1, 5, 5, 4, 6, 1, 0, 1, 3, 2, 3, 0, 6, 2, 2, 1, 2, 5, 0, 4, 6, 1, 4, 4, 1, 3, 1, 1, 5, 3, 4, 1, 6, 0, 6, 4, 4, 1, 2, 5, 3, 5, 4, 5, 1, 0, 2, 6, 1, 0, 0, 3, 5, 0, 0, 4, 0, 6, 0, 6, 1, 1, 2, 0, 4, 0, 3, 3, 5, 1, 6, 2, 0, 4, 6, 6, 4, 0, 2, 4, 5, 6, 0, 5, 4, 2, 2, 0, 1, 1, 2, 2, 2, 0, 5, 0, 1, 3, 4, 5, 4, 5, 1, 1, 1, 5, 1, 4, 5, 4, 2, 2, 4, 1, 4, 5, 4, 4, 4, 0, 0, 6, 1, 0, 1, 1]",5.0
52,"[4, 3, 5, 1, 4, 4, 2, 1, 1, 2, 0, 0, 5, 0, 5, 5, 5, 0, 0, 5, 5, 3, 6, 5, 4, 1, 4, 4, 3, 4, 6, 2, 1, 3, 1, 5, 0, 5, 6, 1, 4, 2, 6, 3, 4, 5, 6, 3, 1, 3, 4, 4, 6, 5, 4, 1, 5, 2, 5, 1, 4, 6, 1, 6, 3, 6, 1, 4, 0, 4, 1, 6, 0, 6, 3, 0, 0, 6, 1, 4, 1, 4, 1, 0, 3, 5, 6, 1, 6, 2, 0, 1, 6, 6, 4, 3, 0, 4, 3, 6, 2, 5, 4, 5, 2, 5, 5, 5, 2, 2, 2, 0, 5, 0, 3, 3, 4, 5, 4, 5, 1, 1, 1, 5, 1, 4, 5, 4, 2, 2, 4, 1, 4, 5, 4, 4, 4, 0, 0, 6, 1, 0, 1, 1]",4.9
53,"[3, 5, 2, 1, 4, 0, 5, 1, 1, 5, 0, 3, 6, 0, 5, 0, 5, 3, 3, 5, 5, 4, 1, 5, 4, 1, 0, 0, 3, 0, 6, 4, 5, 2, 1, 5, 0, 5, 4, 1, 4, 0, 6, 3, 1, 1, 0, 1, 1, 1, 1, 0, 0, 5, 4, 3, 2, 1, 3, 5, 4, 4, 1, 0, 3, 6, 1, 0, 5, 4, 5, 6, 1, 4, 3, 0, 0, 6, 1, 4, 1, 0, 4, 0, 3, 5, 5, 1, 6, 2, 0, 4, 6, 6, 5, 0, 0, 3, 5, 6, 2, 5, 4, 5, 2, 5, 5, 1, 2, 2, 2, 0, 5, 0, 3, 3, 4, 5, 4, 5, 1, 1, 1, 5, 1, 4, 5, 4, 2, 2, 4, 6, 4, 5, 4, 4, 4, 0, 0, 6, 1, 0, 1, 1]",4.9
54,"[0, 3, 5, 1, 1, 4, 1, 6, 6, 2, 0, 1, 4, 0, 5, 0, 5, 3, 0, 5, 5, 2, 6, 5, 4, 1, 2, 0, 3, 4, 4, 4, 5, 1, 1, 5, 0, 6, 4, 1, 2, 3, 6, 3, 4, 2, 5, 3, 1, 5, 6, 0, 6, 4, 4, 1, 2, 2, 3, 1, 4, 4, 1, 6, 3, 4, 1, 0, 5, 4, 5, 6, 1, 4, 5, 0, 0, 6, 1, 1, 2, 0, 4, 0, 3, 0, 5, 1, 6, 2, 0, 1, 6, 6, 5, 0, 0, 4, 4, 6, 2, 5, 4, 5, 2, 5, 1, 5, 2, 2, 2, 0, 5, 0, 3, 3, 4, 5, 4, 5, 1, 1, 1, 5, 1, 4, 5, 4, 2, 2, 4, 6, 4, 5, 4, 4, 4, 0, 0, 6, 1, 0, 1, 1]",5.4
55,"[4, 3, 6, 1, 6, 0, 2, 6, 6, 5, 0, 3, 4, 3, 5, 5, 5, 5, 0, 5, 5, 2, 6, 5, 0, 6, 0, 0, 1, 4, 6, 4, 5, 2, 1, 5, 0, 6, 6, 1, 2, 4, 6, 3, 4, 1, 0, 4, 4, 3, 4, 4, 6, 4, 4, 1, 5, 1, 6, 1, 4, 4, 1, 0, 3, 4, 1, 4, 5, 3, 5, 6, 0, 4, 0, 0, 0, 6, 1, 2, 1, 0, 1, 0, 3, 0, 2, 1, 6, 2, 0, 4, 6, 6, 5, 0, 0, 4, 5, 6, 4, 5, 4, 5, 2, 0, 1, 5, 4, 2, 2, 0, 5, 0, 3, 3, 4, 5, 4, 5, 1, 1, 1, 5, 1, 4, 5, 4, 2, 2, 4, 1, 4, 5, 4, 4, 4, 0, 0, 6, 1, 0, 1, 1]",5.0
56,"[6, 0, 5, 0, 4, 4, 2, 6, 5, 5, 4, 3, 6, 0, 5, 4, 5, 5, 0, 5, 5, 4, 6, 1, 0, 1, 0, 3, 3, 0, 6, 2, 5, 2, 1, 5, 0, 6, 4, 0, 4, 4, 6, 3, 1, 5, 5, 1, 1, 5, 4, 0, 6, 5, 6, 3, 5, 2, 3, 1, 4, 4, 1, 6, 3, 4, 1, 0, 5, 4, 5, 6, 1, 4, 5, 6, 0, 6, 1, 4, 2, 0, 4, 0, 3, 0, 5, 1, 6, 2, 0, 1, 6, 6, 5, 0, 0, 4, 5, 6, 4, 5, 4, 5, 2, 5, 5, 1, 4, 2, 2, 0, 5, 0, 3, 3, 4, 5, 4, 5, 1, 1, 1, 5, 1, 4, 5, 4, 2, 2, 4, 6, 4, 5, 4, 4, 4, 0, 0, 6, 1, 0, 1, 1]",5.0
57,"[0, 3, 2, 1, 1, 0, 2, 6, 1, 5, 5, 0, 4, 3, 5, 5, 5, 5, 0, 5, 5, 1, 1, 5, 4, 1, 0, 0, 1, 4, 6, 4, 2, 1, 0, 5, 0, 4, 4, 1, 2, 4, 6, 3, 1, 1, 0, 4, 1, 1, 4, 4, 6, 5, 6, 1, 2, 2, 5, 5, 4, 4, 1, 0, 3, 6, 1, 0, 0, 4, 1, 6, 0, 4, 0, 0, 0, 3, 1, 4, 1, 0, 4, 0, 3, 5, 5, 5, 6, 2, 0, 4, 6, 6, 4, 3, 2, 4, 4, 6, 4, 5, 4, 2, 2, 0, 5, 5, 2, 2, 2, 0, 5, 0, 3, 3, 4, 5, 4, 5, 1, 1, 1, 5, 1, 4, 5, 4, 2, 2, 4, 1, 4, 5, 4, 4, 4, 0, 0, 6, 1, 0, 1, 1]",5.0
58,"[5, 3, 5, 1, 4, 4, 2, 5, 6, 5, 0, 6, 4, 0, 5, 5, 1, 5, 3, 5, 5, 1, 6, 5, 4, 1, 0, 0, 3, 4, 6, 2, 5, 2, 0, 5, 0, 2, 4, 1, 4, 4, 6, 3, 1, 1, 5, 3, 1, 1, 4, 4, 6, 5, 6, 3, 2, 5, 5, 5, 4, 4, 1, 0, 3, 4, 1, 4, 0, 4, 1, 6, 0, 4, 3, 0, 0, 3, 1, 4, 1, 0, 4, 0, 3, 5, 5, 1, 6, 2, 0, 4, 6, 6, 4, 0, 2, 4, 4, 6, 4, 5, 4, 2, 2, 0, 5, 5, 2, 2, 2, 0, 5, 0, 3, 3, 4, 5, 4, 5, 1, 1, 1, 5, 1, 4, 5, 4, 2, 2, 4, 1, 4, 5, 4, 4, 4, 0, 0, 6, 1, 0, 1, 1]",4.8
59,"[4, 3, 5, 1, 1, 0, 5, 6, 1, 2, 4, 0, 5, 0, 5, 4, 5, 3, 1, 5, 5, 4, 6, 5, 0, 1, 3, 3, 3, 4, 6, 2, 6, 1, 1, 5, 0, 6, 6, 1, 4, 0, 6, 3, 4, 1, 0, 1, 1, 1, 4, 0, 6, 4, 4, 1, 2, 1, 6, 5, 4, 6, 1, 0, 3, 4, 1, 0, 5, 4, 5, 0, 1, 4, 3, 6, 0, 6, 1, 4, 2, 4, 1, 0, 3, 3, 2, 1, 6, 2, 0, 1, 6, 6, 5, 3, 0, 4, 4, 6, 0, 5, 4, 5, 2, 5, 5, 5, 2, 2, 2, 0, 5, 0, 3, 3, 4, 5, 4, 5, 1, 1, 1, 5, 1, 4, 5, 4, 2, 2, 4, 1, 4, 5, 4, 4, 4, 0, 0, 6, 1, 0, 1, 1]",4.9
60,"[3, 3, 2, 0, 4, 0, 2, 5, 6, 3, 4, 6, 6, 3, 5, 6, 1, 5, 0, 2, 5, 4, 6, 1, 4, 1, 0, 3, 3, 4, 6, 2, 5, 1, 1, 5, 0, 5, 6, 0, 4, 2, 6, 3, 4, 5, 0, 4, 1, 3, 6, 4, 6, 5, 4, 3, 2, 5, 3, 5, 4, 4, 1, 6, 3, 4, 3, 4, 5, 4, 5, 0, 0, 4, 3, 6, 0, 6, 1, 4, 2, 0, 1, 0, 3, 1, 6, 1, 6, 2, 0, 4, 6, 6, 4, 0, 0, 3, 5, 6, 2, 5, 4, 2, 2, 0, 1, 1, 2, 2, 2, 0, 5, 0, 3, 3, 4, 5, 4, 5, 1, 1, 1, 5, 1, 4, 5, 4, 2, 2, 4, 6, 4, 5, 4, 4, 4, 0, 0, 6, 1, 0, 1, 1]",5.1
61,"[6, 3, 5, 1, 1, 0, 2, 6, 6, 6, 0, 6, 4, 6, 5, 6, 5, 0, 0, 5, 5, 4, 6, 1, 4, 0, 2, 4, 3, 4, 4, 2, 6, 2, 1, 5, 4, 6, 6, 1, 4, 3, 6, 3, 4, 1, 0, 1, 1, 1, 6, 4, 6, 4, 4, 4, 2, 2, 5, 1, 4, 4, 1, 0, 3, 4, 3, 4, 5, 3, 1, 3, 0, 4, 0, 0, 0, 6, 1, 2, 1, 4, 4, 0, 3, 3, 5, 1, 6, 2, 0, 1, 6, 6, 4, 0, 0, 4, 4, 6, 0, 5, 4, 5, 2, 5, 1, 1, 2, 2, 2, 0, 5, 0, 3, 3, 4, 5, 4, 5, 1, 1, 1, 5, 1, 4, 5, 4, 2, 2, 4, 6, 4, 5, 4, 4, 4, 0, 0, 6, 1, 0, 1, 1]",5.3
62,"[2, 0, 5, 1, 4, 0, 2, 6, 6, 5, 4, 0, 4, 0, 5, 5, 5, 5, 2, 6, 5, 4, 6, 0, 4, 0, 2, 0, 3, 4, 4, 4, 6, 2, 1, 5, 0, 5, 4, 1, 4, 3, 1, 3, 1, 1, 5, 1, 4, 3, 4, 0, 6, 4, 4, 1, 2, 5, 3, 1, 4, 6, 1, 0, 3, 6, 1, 4, 0, 3, 5, 6, 0, 4, 5, 1, 0, 3, 1, 2, 2, 4, 4, 0, 3, 5, 5, 1, 6, 2, 0, 4, 6, 6, 4, 0, 4, 3, 5, 6, 0, 5, 4, 5, 2, 0, 1, 5, 2, 2, 2, 0, 5, 0, 1, 3, 4, 5, 4, 5, 1, 1, 1, 5, 1, 4, 5, 4, 2, 2, 4, 6, 4, 5, 4, 4, 4, 0, 0, 6, 1, 0, 1, 1]",5.5
63,"[6, 0, 5, 1, 4, 0, 2, 1, 1, 2, 4, 6, 6, 0, 5, 6, 5, 3, 0, 5, 5, 4, 6, 0, 0, 6, 2, 3, 3, 4, 6, 2, 2, 1, 1, 5, 6, 2, 6, 2, 4, 3, 6, 3, 1, 2, 5, 4, 1, 5, 6, 0, 6, 4, 4, 4, 2, 5, 3, 1, 4, 4, 1, 0, 3, 4, 1, 4, 0, 3, 5, 6, 1, 4, 5, 0, 0, 3, 1, 1, 2, 4, 4, 0, 3, 3, 6, 5, 6, 2, 0, 4, 6, 6, 4, 0, 0, 3, 5, 6, 0, 5, 4, 5, 2, 0, 1, 5, 2, 2, 2, 0, 5, 0, 1, 3, 4, 5, 4, 5, 1, 1, 1, 5, 1, 4, 5, 4, 2, 2, 4, 6, 4, 5, 4, 4, 4, 0, 0, 6, 1, 0, 1, 1]",5.1
64,"[5, 3, 5, 0, 4, 0, 2, 5, 1, 6, 0, 0, 5, 0, 5, 6, 5, 5, 3, 6, 5, 4, 6, 5, 0, 1, 0, 0, 3, 4, 6, 2, 5, 1, 1, 5, 0, 6, 6, 2, 4, 0, 6, 6, 1, 1, 5, 5, 4, 1, 4, 4, 6, 5, 4, 3, 2, 5, 5, 1, 4, 6, 1, 6, 3, 4, 3, 0, 5, 4, 1, 0, 1, 0, 5, 6, 0, 6, 1, 1, 2, 4, 4, 0, 3, 0, 5, 5, 6, 2, 0, 4, 6, 6, 4, 3, 2, 4, 4, 5, 4, 5, 4, 2, 2, 5, 5, 5, 2, 2, 2, 0, 5, 0, 3, 0, 4, 5, 4, 5, 1, 1, 1, 5, 1, 4, 5, 4, 2, 2, 4, 1, 4, 5, 4, 4, 4, 0, 0, 6, 1, 0, 1, 1]",4.9
65,"[3, 0, 2, 0, 1, 0, 2, 1, 1, 2, 0, 3, 5, 3, 5, 6, 5, 5, 1, 5, 5, 4, 6, 5, 4, 1, 3, 3, 3, 6, 6, 2, 6, 2, 2, 5, 4, 5, 4, 1, 4, 2, 6, 6, 4, 1, 0, 0, 1, 5, 4, 4, 6, 4, 4, 1, 2, 2, 3, 5, 4, 5, 1, 0, 2, 6, 1, 4, 0, 4, 5, 6, 1, 4, 5, 6, 0, 6, 1, 4, 2, 0, 4, 0, 3, 5, 5, 5, 6, 2, 0, 4, 6, 6, 5, 3, 0, 3, 4, 6, 2, 5, 4, 5, 2, 0, 5, 1, 2, 2, 2, 0, 5, 0, 3, 3, 4, 5, 4, 5, 1, 1, 1, 5, 1, 4, 5, 4, 2, 2, 4, 1, 4, 5, 4, 4, 4, 0, 0, 6, 1, 0, 1, 1]",4.8
66,"[5, 0, 2, 0, 1, 0, 5, 4, 1, 2, 0, 6, 6, 0, 5, 6, 5, 3, 0, 5, 5, 3, 1, 5, 4, 1, 2, 2, 1, 4, 4, 2, 5, 3, 1, 5, 6, 5, 4, 2, 4, 4, 6, 3, 4, 1, 5, 3, 4, 1, 4, 0, 6, 4, 4, 1, 2, 5, 3, 1, 4, 4, 1, 0, 2, 4, 1, 4, 5, 3, 5, 0, 0, 4, 5, 0, 0, 6, 1, 1, 2, 4, 1, 0, 3, 0, 5, 1, 6, 2, 0, 1, 6, 6, 5, 0, 0, 4, 4, 6, 0, 5, 4, 5, 2, 0, 1, 1, 2, 2, 2, 0, 5, 0, 3, 3, 4, 5, 4, 5, 1, 1, 1, 5, 1, 4, 5, 4, 2, 2, 4, 1, 4, 5, 4, 4, 4, 0, 0, 6, 1, 0, 1, 1]",5.1
67,"[5, 3, 2, 1, 1, 0, 2, 6, 1, 3, 4, 6, 4, 3, 5, 5, 5, 5, 3, 5, 5, 4, 1, 0, 4, 1, 0, 3, 3, 0, 6, 2, 1, 4, 1, 5, 6, 6, 4, 1, 4, 0, 1, 3, 4, 5, 0, 1, 1, 1, 6, 4, 6, 5, 4, 1, 2, 5, 3, 5, 4, 4, 1, 0, 3, 4, 3, 0, 0, 4, 5, 0, 0, 4, 0, 0, 0, 3, 1, 4, 2, 0, 1, 0, 3, 0, 5, 5, 6, 2, 0, 4, 6, 6, 5, 0, 0, 3, 3, 6, 2, 5, 4, 5, 2, 0, 5, 5, 2, 2, 2, 0, 5, 0, 3, 3, 4, 5, 4, 5, 1, 1, 1, 5, 1, 4, 5, 4, 2, 2, 4, 1, 4, 5, 4, 4, 4, 0, 0, 6, 1, 0, 1, 1]",5.2
68,"[0, 3, 5, 1, 4, 0, 5, 6, 1, 5, 0, 0, 5, 0, 5, 4, 5, 0, 1, 5, 5, 4, 6, 4, 0, 0, 2, 3, 3, 4, 6, 4, 5, 2, 0, 5, 4, 5, 4, 1, 4, 4, 6, 3, 4, 5, 0, 1, 1, 5, 6, 4, 6, 4, 4, 4, 2, 2, 5, 5, 4, 4, 1, 0, 3, 6, 1, 0, 0, 4, 5, 0, 0, 4, 5, 6, 0, 3, 1, 2, 2, 4, 1, 0, 3, 0, 5, 1, 6, 2, 0, 4, 6, 6, 5, 0, 2, 4, 5, 6, 4, 5, 4, 5, 2, 0, 1, 5, 2, 2, 2, 0, 5, 0, 3, 3, 4, 5, 4, 5, 1, 1, 1, 5, 1, 4, 5, 4, 2, 2, 4, 6, 4, 5, 4, 4, 4, 0, 0, 6, 1, 0, 1, 1]",5.2
69,"[3, 3, 5, 1, 4, 0, 2, 4, 6, 6, 0, 3, 6, 0, 5, 6, 5, 5, 0, 5, 5, 4, 6, 5, 4, 0, 0, 3, 3, 4, 6, 4, 2, 3, 2, 5, 0, 5, 6, 1, 4, 0, 6, 3, 1, 2, 5, 3, 4, 1, 1, 4, 6, 4, 4, 1, 2, 2, 5, 5, 4, 3, 1, 0, 3, 4, 3, 4, 5, 4, 1, 0, 0, 4, 5, 6, 0, 6, 1, 4, 2, 4, 1, 0, 3, 0, 5, 1, 6, 2, 0, 4, 6, 6, 5, 3, 4, 3, 4, 5, 4, 5, 4, 5, 2, 0, 1, 1, 2, 2, 2, 0, 5, 0, 3, 3, 4, 5, 4, 5, 1, 1, 1, 5, 1, 4, 5, 4, 2, 2, 4, 1, 4, 5, 4, 4, 4, 0, 0, 6, 1, 0, 1, 1]",5.4
70,"[1, 3, 5, 1, 1, 4, 2, 6, 1, 3, 0, 6, 5, 3, 5, 6, 5, 5, 0, 2, 5, 4, 6, 0, 0, 1, 0, 3, 1, 4, 6, 2, 6, 2, 1, 5, 0, 5, 6, 1, 4, 3, 6, 3, 4, 5, 0, 3, 1, 5, 1, 4, 6, 5, 4, 1, 2, 1, 3, 5, 4, 5, 1, 0, 3, 4, 1, 0, 5, 3, 5, 6, 0, 4, 5, 6, 0, 3, 1, 1, 1, 0, 4, 0, 3, 0, 5, 1, 6, 2, 5, 4, 6, 6, 4, 0, 2, 4, 4, 6, 2, 5, 4, 2, 2, 0, 1, 1, 2, 2, 2, 0, 5, 0, 3, 3, 4, 5, 4, 5, 1, 1, 1, 5, 1, 4, 5, 4, 2, 2, 4, 6, 4, 5, 4, 4, 4, 0, 0, 6, 1, 0, 1, 1]",5.1
71,"[6, 5, 2, 1, 4, 0, 1, 4, 1, 3, 4, 0, 4, 3, 5, 6, 5, 5, 3, 6, 5, 4, 6, 0, 0, 1, 0, 3, 3, 0, 4, 2, 5, 2, 1, 5, 0, 5, 6, 1, 4, 3, 6, 3, 4, 1, 5, 1, 1, 5, 6, 0, 6, 5, 6, 1, 2, 5, 5, 5, 4, 5, 1, 6, 3, 6, 1, 4, 0, 4, 1, 6, 0, 4, 0, 0, 0, 6, 1, 4, 2, 0, 1, 0, 3, 0, 5, 1, 6, 2, 0, 4, 6, 6, 5, 0, 0, 4, 4, 6, 4, 5, 4, 5, 2, 0, 1, 1, 2, 2, 2, 0, 5, 0, 1, 3, 4, 5, 4, 5, 1, 1, 1, 5, 1, 4, 5, 4, 2, 2, 4, 1, 4, 5, 4, 4, 4, 0, 0, 6, 1, 0, 1, 1]",4.9
